Method: 500-1kg, 0925
Sensor,1.0N,1.5N,2.0N,2.5N,3.0N,3.5N,4.0N,4.5N,5.0N,5.5N,6.0N,6.5N,7.0N,7.5N,8.0N,8.5N,9.0N,9.5N,10.0N,Avg Err
P1,47.27515913287808,38.09001563026266,33.316204853603395,30.17767168378276,27.737832887505853,26.008059600718124,25.333965121641345,24.96686494028832,24.428637042990452,23.619023569197964,22.975758067486538,22.206239247114592,21.489683891749976,21.236286815857298,20.920510608678384,20.673942937039257,20.845872237897876,21.11643766458755,21.315237986962533,25.985968627381208
P2,99.81869004495383,99.86517320231482,99.84632488000436,98.68380244973824,66.60222383219525,47.11964859848685,31.084078364529574,26.29288947194333,24.87863100418409,23.409243521999453,21.07371612818842,19.000312813618297,18.67075170078018,18.270083557811756,17.07335968280466,15.961277814490046,15.435830040969504,15.472918704957754,15.93864528319947,40.76303163669315
P3,99.70846981170001,99.68447981781283,76.5463886944309,59.07953174613536,39.53967199752443,32.205396006141164,22.550680031060608,17.529040472914257,17.053934241625328,15.190246932933494,11.442478025195966,8.40883667654945,4.9319056272256985,2.7988306064793167,2.348512892981949,2.8029363566546905,3.917091809487742,5.127066861740044,6.5846990148915365,27.76053671702551
P4,67.07372807339439,57.142962654932624,46.1059646578192,33.67980821718777,27.258152063457864,22.08738153397554,17.075328726187774,14.616356183112497,13.03550292865574,12.455555129439883,12.032313994407756,11.491831057803259,11.315344330015447,10.890321574009736,10.31340261264418,9.716601409709819,9.072185460029747,8.461778163111594,7.96310287085097,21.146716928460304
P5,89.18985102517198,69.35553168772012,47.505461440021875,32.43452713968171,21.926519071806986,14.9660719775404,10.615906894007512,8.02674807640668,6.381412278920089,5.040363685162868,3.3696601467580725,2.0584325625651863,1.215697590578932,0.5958148139532317,0.30438716287643414,0.2786478502487697,0.2657635150278555,0.20316659792600128,0.18850166517622316,16.52223500955531
P6,80.52457500201382,78.70678524944461,65.29916873276633,49.60271050478144,41.001992310303955,34.226761618974486,28.53362968468336,24.516187193234963,20.58499229645741,16.19477783832548,13.247603581422107,11.468960028212221,10.453706695214693,9.472780797102235,8.353456491306464,6.931407830885242,5.9656319066735986,5.36825878248525,5.083872244156876,27.13353993623393
P7,99.0322029787393,67.41362707782724,44.846610135197885,33.89263504989717,26.607050300427616,19.008508508214092,14.49395973230134,11.516359581232397,9.418343463384295,8.77551019496443,8.767525275846106,8.735029691045055,8.22307872880621,7.923221617345504,7.740756099965411,7.577076528743727,7.4775357600881875,7.519218135106004,7.769421391212787,21.407245802649726
P8,33.25256920145987,27.813718056088877,23.772036551110062,20.521828683103333,17.88394466247214,15.74442336288017,14.221860854406835,12.915314240938168,11.601084893106943,9.609802188316843,7.879371914247901,6.581395907668411,5.369273530689629,4.284221835609273,3.818254555906415,3.258926226045183,2.4207934252990624,1.7337571231580102,1.052226407116203,11.775515979980174
P9,42.26662416604256,34.022304888586035,26.981201458104206,22.271770483788664,18.731349206813313,15.83077684796854,13.472012804228962,11.6878377854082,9.162806472849084,7.312301907649791,5.9088896160606525,4.527001004313747,2.9454980335215204,1.4759547042829453,0.33347770623780415,0.4792965343795452,1.4162670583457149,2.2794998142746445,2.805766774236827,11.784770382478566
P10,61.62959324301345,45.19724187646976,38.684372230002964,34.17749243319709,27.31221031861668,20.35592201131012,15.28119242473609,10.976813200876471,7.233040602176451,4.281141950166651,2.6104690140995324,1.6361365559800034,0.39930971606834775,0.0009235438832013699,0.7748075437805607,2.0946060744748904,3.0142385217423686,3.4788952827033404,3.736451714435623,14.888150434617557
P11,34.689841004946416,22.306658911889578,15.101016508829336,11.497823226006409,8.142111383656607,6.077792505374755,5.2615152504335265,4.599238200576001,3.6915822316290186,2.760308983648258,1.6835934249964606,0.8197401064363874,0.0158076344987261,0.6847638844762498,0.9474634698252421,1.2344267608980577,1.7459928002138738,2.2675423865741693,2.464646608082851,6.631150804367995
P12,86.37124456951751,69.8505019062566,58.18117827826289,50.99884180105967,47.10914706850807,44.13116396008062,41.57225127089193,39.47001263060886,37.870409235208946,37.05941952876604,36.32823698330187,35.14914245949807,33.950945979445855,33.234929452228286,32.59908861382446,32.079882678924335,31.985854508547906,31.87660437432651,31.66812691433177,42.709841169136325
P13,80.01578449129947,74.39275495678078,55.95013866832977,42.095130391144316,31.126763544414654,19.83284496141388,14.08471866493962,11.099569529687518,8.582490795104745,6.664503445598253,5.231459945593168,4.626632118989098,4.500840807099419,4.831264394881385,5.195879639607021,5.485636211656304,5.691324312752709,5.804959795025478,5.905149412143107,20.585149794024243
P14,74.69798565216597,60.23295465625365,50.76072222088819,43.54691385941035,35.62355113642531,28.373952624222436,22.358561829768135,16.188373446952493,8.80205313103703,4.525983455786263,1.7750451719789468,0.237113312517945,0.010920319924068113,0.47463662286902003,0.8980538845345875,0.9383203398250002,0.6755422788266792,0.44505098441565627,0.306332130189225,18.466950897789
P15,87.78402524473229,80.01333597405507,67.04565591331703,38.88387966060423,19.977261415778436,9.989555306136086,5.949617805855405,5.651272992581256,6.847775539613377,7.117233212809584,5.924377794368963,4.726911927336136,4.392106376893232,4.141161882592411,4.049472080177731,3.936070172197212,4.517139973459079,4.928622192542863,5.537677382165051,19.548060676169232
P16,3.5987255667511313,3.8352713349705323,5.481641211333311,0.08800842053954605,0.3376988203713439,0.32104579947798473,1.5448378616322183,2.348425918154403,2.492991443539723,2.7217999568706963,2.9341592305969044,5.208062013196988,6.04400453670976,4.935452367689415,3.487600221229293,1.8549517448454107,0.9509041050740771,0.7103883205153749,0.42740728285818347,2.5959671661240162
P17,99.08786373866857,98.35678204558748,89.00865164359149,68.90070827159386,43.06397495128836,28.98224620662565,18.84759428812266,15.120310212507597,8.697395797206099,0.7012541870135499,4.227719059955608,7.1782076046081995,6.322393620730378,4.693838567525242,3.4989375067808473,2.157639165264106,0.9417712936956886,0.16922922789061137,1.9048809344348026,26.413757806478465
P18,99.88957014427405,99.87761100305843,69.88753488009917,44.70247813390089,30.099325497095652,20.46046955766868,14.207333704529475,7.996263133941247,3.267773034207735,2.305516036362731,5.5186280508167345,7.104068517028618,7.5862879932691865,7.591141937140772,7.322143422909781,7.00944375066988,6.651467418325403,6.0098784942108,5.510243340064664,23.841956739451263
P19,99.57681800122444,97.6041497378385,99.25707661902194,61.545822837895194,24.894983556283393,20.214485630856093,14.198870630066528,6.04695828786338,0.18603568899240658,2.0665939148119032,2.064497227296268,0.031199602161669653,1.285797238754358,1.349954749727613,1.5906257700022357,1.7126059555545663,2.582656201344559,3.779896632824938,5.250517440277475,23.433660301199865
P20,99.7188049717774,99.32849270280964,82.44900661411747,35.33557858957313,2.402831353826913,13.731809783954162,14.261758031025664,14.141127961008083,15.122149989888326,15.626996725955083,16.295789606683968,14.707377488184667,12.817902875957225,11.143090895755355,10.063838589305085,9.19059373819527,8.060202167352593,6.214540353101423,4.135759543289255,25.51303431482951
P21,67.0033518155757,52.41156137891181,40.012943911453355,29.798015985385405,22.413702918090017,17.104072682696145,12.853224790682217,8.554003839401496,4.322613294002699,1.0802405050526491,0.7262135650651973,2.0284987760281634,3.353623150644176,4.527839541146821,4.975605477893923,5.352494823230468,5.582321315514418,5.745236290528246,5.718386038205314,15.450734215763589
P22,96.17046908285266,43.52510856091339,30.129851620227768,22.516438038459743,15.420042006459601,8.112862204457096,8.24412881074698,8.123250124305276,8.264621844337581,10.079559419267863,11.779292315559713,12.554114815531243,11.482025031907586,10.979164569406077,11.357378048959959,12.101901396931952,13.58571861015461,14.474768539748457,15.315268760371561,19.169261252663116
P23,99.39428936632785,89.34230451362815,69.22155167274968,63.851056309762,56.92561869756542,35.60590936610356,21.818540487957407,14.05570439786141,8.677532505521155,5.180408391161414,3.211040711740721,1.6538319235484589,0.8821147028249947,0.623909900853352,0.48170263088788773,0.11784835291942049,0.2038496283662087,0.6140313554646775,1.1466345445805841,24.89515155051707
P24,97.42710607874048,95.71163778256681,96.44477848801353,92.5752886241116,46.62611453757631,19.81547436766054,13.145666907133782,23.601165880588034,24.530925460509245,25.432087121419205,23.276272888414898,21.027619139088518,18.73184161849682,16.14445010525683,13.680764993423454,10.508746290216907,6.575867594417619,3.070401560227914,0.3721998744709204,34.142021542754385
P25,73.88650225004777,67.47980114327878,57.12295848665132,50.221342453020874,42.499788534209834,33.9590691441858,25.91255545954006,21.65214805213499,18.652641207734543,14.811356598156987,12.451242310974537,11.133804971680723,10.067443115275777,10.00594165517621,10.533220937417022,11.038007928132538,11.810179053036737,12.627300051572762,13.230760150941697,26.794529658061524
P26,43.68807256414812,34.47059298038959,36.38676109479828,35.0329700503898,30.192827342338223,29.146575396770103,23.13490143304595,18.820051532824568,17.64397561715478,17.12001841145664,16.90317338733568,16.79116361816439,14.669415961945045,13.031522767789234,12.60192158978582,12.552594428737539,13.296372935827034,13.589094820491596,13.653769560089781,21.72240923649906
P27,68.95338821685641,61.7410698359727,53.92974034482993,44.99604549145334,39.359111676987084,34.56938074983325,31.218520185872634,29.47670546169354,28.790439739794667,28.27458269974674,27.756018595266497,26.854534034803905,25.907154020155385,24.68985115046449,24.67983978599361,25.046641473721667,25.16533297251091,25.057595647072297,24.44057762381407,34.258238405623324
P28,45.85992800981135,30.410883966812605,21.292791944024067,12.088784662555248,5.610406709332402,3.6382253788507994,2.139943516521555,0.8734651827796723,0.6503892025402328,1.2541825078663154,1.7222795203151398,1.9307423562905444,1.9527582811302262,1.9557811216980794,1.7835727291426582,1.4334888809796846,0.7917596184287646,0.12520775203232087,0.7890671955529445,7.173876765087611
P29,43.58736298746157,34.5325399715444,29.3127668248452,26.24095778875705,22.09092027999458,19.351204669786757,17.337234258355835,15.602355854587334,14.226691613139032,12.936979228865106,11.867778801006942,10.97414336586972,9.93500553841908,8.699398553110091,7.825472459364964,7.305871186989258,7.0411280545052515,6.878571982754393,6.777393582347229,16.448619842194933
P30,76.72952628699245,72.34158040421099,67.43297671672562,56.83079186024479,43.83096034060792,29.21038046005642,23.834780214706747,20.43616461015476,18.008413440435024,16.961870082425328,15.704374740018144,15.614154399926973,15.984142545402394,15.858123904689627,15.476009656301915,14.89876526244108,14.503258173586442,14.629907649913365,15.050945647571758,29.649322441916404
P31,71.47262097272363,40.76217993055638,29.265213803753102,20.547770526949822,14.391286772973608,9.347391460498331,6.542025830118251,4.784863357112288,3.9180408926426806,2.755794184944379,1.8473284598035842,0.8671257489531743,0.05124681335261227,0.6739885743257701,1.1292603976569269,1.841680307379402,2.574702209040804,2.7909847821705807,2.885128441910516,11.497296498256096
P32,94.02608890418867,91.00773059535254,74.42115883420804,64.69424089298998,51.53609102362197,44.79121995853636,36.808336136982426,30.34923661925996,24.347154828161955,19.377576161620414,16.97376465186872,15.024566660918905,13.794935672366066,12.515273886316482,11.518042621775248,10.659336348344233,10.40520639558945,10.505520654700804,11.022043370451822,33.88302759038179
P33,71.23987329532538,51.209749912857376,38.50740793183526,27.381186294145333,20.40289831002627,16.016292204596798,15.088440628253364,13.792016523761248,12.885489318247727,11.108135981475181,9.432144937855673,8.160525658883598,7.2607871742339976,6.569673554927344,5.613433819229393,4.211309530343053,3.609004472053406,2.511781847224716,1.3813959015548143,17.177976173517365
P34,59.954466843461454,45.27021782396893,38.77851805032861,31.76812081272805,26.75967563536851,24.132511619058608,21.47071872777955,18.02771719270435,16.689262158440158,17.553564748913164,18.421231104482043,17.670412951745533,17.059290687968556,16.975582527009777,16.96088253454788,16.86534584549545,17.089611930242235,17.554804956043107,17.47190516929252,24.02493901681992
P35,79.89041191487046,59.13384679707696,40.92226698944232,33.876297739099684,24.433384785893512,17.77196413748737,14.020220960915742,9.772543662757325,6.602149152301863,4.3190758576756965,3.396104422978732,2.393110539030701,1.0134458257755552,0.06057018680663609,0.35590258515512196,0.4646456391813933,0.5665032237520942,0.5395216897350005,0.8089475595729789,15.807416508921532

Method: true_2point_0926
Sensor,1.0N,1.5N,2.0N,2.5N,3.0N,3.5N,4.0N,4.5N,5.0N,5.5N,6.0N,6.5N,7.0N,7.5N,8.0N,8.5N,9.0N,9.5N,10.0N,Avg Err
P1,23.375214489413846,12.126420348754124,6.923311781032674,3.801023268204767,1.491155469102306,0.034678082369362394,0.09452468927865604,0.10104030359116277,2.9661463372932346e-08,0.5117996987322381,0.8459113932674305,1.3796817250256865,1.8728127865993733,1.7917443582364183,1.8163932526327764,1.7738493074317252,1.2157412206198617,0.552612677622526,4.276208394086747e-08,3.142521838123078
P2,99.68663923570541,99.78181053509701,99.76264759443343,98.03939333181079,51.700546529540404,25.413722190927835,4.8789239841939045,0.19124388276764426,5.118767794731881e-08,0.3917837645242818,2.0031141953667517,3.3322845708940454,2.5128881774703546,1.8713710890336814,2.2865111904001068,2.6437882376237214,2.332304969488676,1.3942088780476423,7.044985820087269e-08,26.2222727620507
P3,99.53681889149999,99.5323753648127,66.9131972591924,44.43938698068032,20.435651393299427,13.111410118194415,2.9846483919696563,1.239966751082342,1.1693916524557358e-08,0.5892961153364176,3.478766336282979,5.564567090602305,8.18827187673186,9.314716273901078,8.6124196220182,6.988905776056606,4.730905931471757,2.457648691174493,1.5459544561866098e-08,20.953629099550547
P4,56.8116719190697,45.61937279230215,33.2049075800004,19.29066615758853,12.785957436665823,7.756751009618204,2.889177645584624,0.9681235727534083,4.159185494219148e-09,0.11477100831242049,0.3435811550399015,0.3855323843705062,0.7900350586358715,0.8754743124385438,0.7589291363511389,0.5926583568970797,0.35004723992595027,0.12371133414286559,3.3343778285488703e-09,9.666387795115297
P5,86.48351287907421,63.174071112287905,38.66752620943943,22.764220947987116,12.330331183938092,5.943823910456056,2.415509036636128,0.739415358406243,5.885710362827343e-08,0.4908873816829924,1.3919635078752772,1.966051741749358,2.100346956096185,2.0497741268293517,1.7046509685335125,1.129215279863784,0.5781764693166298,0.11026826113451466,8.519519172200131e-08,12.844197130282055
P6,62.89875311658676,63.45358317367354,44.68995518520293,24.152367895990196,15.276578664578821,9.21922903168771,4.692203838883041,2.3388181837551105,4.631252214260976e-09,2.9723394867302093,4.234188516996202,4.203430387605618,3.40816344268622,2.7019299835303983,2.259899597688173,2.2396887831426957,1.7928624557969883,1.0246218994900247,1.6085919394954324e-08,13.239927034986412
P7,98.88587075776726,62.880311360312454,37.64248094150105,25.690513132760323,17.891528122624692,9.753441044410794,5.05354847607813,2.0479299634784462,4.621298456114118e-08,0.4601655054062546,0.2416964897509724,0.06871962146399331,0.43615198657679366,0.5835284235671739,0.6137092223337163,0.6333030909847314,0.5919328479606659,0.4052288453804128,6.86244762779093e-08,13.888424207747121
P8,1.9004288221873453,0.6774191509790524,0.08932966247183591,0.6375423709362877,0.9397697156860706,1.005437745644527,0.6215475457047898,0.21593604433727234,2.060312027736156e-08,0.6798022880235254,1.165406190344086,1.263947491644522,1.3489333831625907,1.367180443119945,0.7970761060466075,0.388527154398828,0.32130873392894016,0.1431679737090177,3.205611168785028e-08,0.713829519736025
P9,15.28201250923632,9.946234205077008,5.326247348159863,3.156865801312468,1.9891806082349408,1.2470999368296793,0.8716809185580146,0.933333543353833,5.32164298792589e-08,0.3152722720509101,0.2641774864132341,0.29295580738917304,0.6140095463037636,0.8868561298698854,0.8873411542151506,0.6149464900814902,0.5219451382106923,0.40351781196619746,7.381573550316026e-08,2.2922987807523576
P10,46.38269484684556,28.267156537465112,23.380080504047037,20.655072440612766,14.917738274842485,9.063851954136634,5.330021212977625,2.391474747949172,1.2585872686358405e-08,1.6084979826414556,1.9416763073276129,1.6412584957845215,1.6968137989854628,0.9740365710025505,0.7039152988639819,1.030359665074892,1.0052165383764209,0.5801409610650611,1.8906314537765927e-08,8.503684535236346
P11,21.69326609067342,10.161820167990166,4.322226329777373,2.2313759519368315,0.16477375562686786,0.6818307226029453,0.35180916995669215,0.005073099249672607,1.574716726310777e-08,0.11038463884560439,0.4346443315435575,0.5947515596740293,0.7724135027825988,0.8226910110481553,0.5042401160774453,0.2452017250376185,0.23828781659757195,0.2663287485878116,2.3784625793510117e-08,2.294795725133692
P12,72.64032118273944,42.75185669599589,23.668858656761643,13.257350198818623,8.686065175909556,5.56439200951222,3.032927406291992,1.1552533126574427,2.68321856159596e-08,0.011525867058872192,0.05098243832023685,0.6874404572274935,1.5097893779927711,1.642968919630858,1.7058815040282078,1.6399258094569125,0.9851286529879273,0.39937831176488503,5.1843434233316346e-08,9.441581371359504
P13,76.62419860566956,70.5483998778174,49.94038823375809,34.80381600141887,23.040886440416365,10.994258982033221,5.14136403185909,2.325755078656757,4.411284714811237e-08,1.6936063987907268,2.8814988113080964,3.1935455591374136,3.0112420710298387,2.3602997440813005,1.6944376391740232,1.1279784626983764,0.6679842083123662,0.32054558866397354,6.180516916281087e-08,15.282642412670707
P14,65.39282252463401,48.5541753316746,38.76785577521986,31.915866290063683,24.280012026204233,17.517831286089677,12.215452272969149,6.759731515201293,9.25657129030612e-08,3.327348250737788,5.0417790744671445,5.520060165613229,4.7112202309805,4.2046523218161465,3.720357588308751,2.9014010189952244,1.8309826972307592,0.8462191076275932,1.2331361292117685e-07,14.605671983879628
P15,86.45377470050143,78.01722805026242,63.96392763708026,33.46840481009978,13.205908251048474,2.6758176981215347,1.4191469972076185,1.4997031992830852,6.60842528326642e-08,0.4805652383805284,0.620961437069095,1.7375303842832197,1.942719938740657,2.068305475594065,2.0331672082599566,2.0290521319633052,1.2951745085902506,0.7488297220013658,8.893355021389251e-08,15.45580092334236
P16,10.286395113635447,9.434344715462785,10.229504386931016,4.482811915015404,3.5607602386069455,3.139196349425219,1.5723265451164565,0.4496021470283351,4.508728224352827e-08,0.5042083121420671,0.9697036268470687,3.443122329522149,4.492243838861699,3.6096629581444892,2.373983797734417,0.9384831950434012,0.21066944988973088,0.1308062247201407,6.811818709124892e-08,3.148832908280644
P17,98.81984876312185,97.96134748028682,86.7637584615892,63.40417289293689,34.25375601268117,19.29135691029892,9.039911048583336,6.01518759983109,6.878786536422456e-08,7.690007343954838,12.021866180257078,14.24239535709653,12.46402578542291,9.953244915090426,7.974483572421555,5.908393317092872,4.0304753629373185,2.311204446943065,9.476333047246829e-08,25.90239134811037
P18,99.86032893967025,99.85287194153227,65.08252773199104,37.64691849329323,22.960925549177343,14.01487913585978,8.794041098129837,3.6241191581426064,6.9554793664426506e-09,4.5058876582608915,6.619192135522972,7.141080640606159,6.628615022350136,5.715467317282185,4.601749378949864,3.507618744572676,2.425074853546663,1.1214453625982668,1.0464517401646023e-08,20.742249640995063
P19,99.62431250839234,97.80725650339184,99.30520284014045,63.42892216872803,27.587829824350717,22.179153397843884,15.46793657147578,6.613935735198905,7.98160892968447e-09,2.9916189457165796,3.6649103122580935,2.2124992118417213,1.4299011358877995,1.8907112529745471,2.136129018524432,2.475175085476688,2.0051196008535976,1.1615533095740798,4.418413856601977e-09,23.78853512815945
P20,99.80648801240551,99.50996019813513,86.64755058740771,49.1901981163038,17.386392576359864,6.177119133936444,3.900939186505347,2.352267012474728,2.0364325118958165e-09,1.8333122856005628,3.7200258571448916,3.4951617968623223,2.8877901100077588,2.377368377787322,2.3344593372468005,2.417050830366019,2.198561642208301,1.2419947671469693,2.0339569842681693e-09,20.39350735957736
P21,56.51938109785672,40.847329156344834,28.4611061909638,18.926055891612034,12.719603968641831,8.793431052248435,5.94220944845741,2.9616529426860367,3.812136082727562e-08,1.9798049235342172,2.5493641979053048,2.68500692154175,2.9146995725902696,3.0551456625965616,2.5393642382894006,2.013185788251228,1.3978348201164161,0.7668223318198699,5.2149541144917765e-08,10.266947278722476
P22,96.53291797083689,46.421480564554734,31.47612021085469,22.027586038216196,13.07703922877719,3.8728988366907027,2.5199183740248294,1.0560062427926766,6.393639118120602e-08,0.8946025001904054,1.7869213057198512,1.746305140458521,0.31233369521731325,1.6884381819166512,2.0131966775242125,1.8664052594784353,0.809411016008516,0.3965931958573042,9.515931016377907e-08,12.026219715695516
P23,99.20275100424715,86.60751110963838,62.57501092422063,57.151877596603,49.99617648744038,26.552535698291067,12.177678602643972,4.748806390774964,3.952787498093275e-08,2.70425140319822,3.799715628988145,4.509019693750844,4.440513402257392,3.8899346408382964,3.273823009977944,2.935523029065102,2.1770446133143224,1.1300584986738478,4.892509995150367e-08,22.51959114854614
P24,98.76928483017409,97.66273446530931,97.87431448738417,95.23013941815871,63.63847509964472,42.59457731174395,15.43961553627245,4.056234952358529,5.732233296345358e-08,3.861613977709938,4.975859448531067,5.7508317071166335,6.249338194345767,6.267916887018477,6.197106621924213,5.268202530387742,3.4069529923322737,1.7613867404849668,8.011545144094182e-08,29.421293965175522
P25,62.710424484052375,55.28187664844485,42.59828494810392,34.72873048407537,25.872819272851743,16.075401543957646,7.012978692862226,2.7380171051314504,7.827603257490292e-08,3.797065616398124,5.812187540758515,6.607153924020596,7.144699482974474,6.5315792111181725,5.273045558740055,4.089991013142292,2.6389381252136825,1.1774275292594323,1.1209283270138241e-07,15.26792744060388
P26,23.68392631616809,13.616250793290341,17.772871287430192,17.292356264622168,12.229645882291422,11.846628548159735,5.234819062179813,0.7165732090520968,4.788272828676336e-08,0.016381889577004052,0.34841018691212133,0.757792787017196,1.259269386142164,2.71802899220765,2.7716863050345606,2.405042096924515,1.1386712707100461,0.4259008655811352,6.86737999639201e-08,6.012329224202989
P27,49.96587478446552,40.44449015173118,30.028298520581007,18.039247761012415,11.038037554656414,5.268774990623529,1.5483577971210085,0.0671167592804262,2.528133491159403e-08,0.093436802731885,0.1173291338098985,0.4389837155461932,1.096954837442178,2.153259242371594,1.6043634270465394,0.5865760468740722,0.06253461215146555,0.380459934874592,4.3455630655559075e-08,8.575478744266151
P28,47.979135998927106,32.569010324610765,23.276366016815537,13.905997232254418,7.210623954465753,4.967927756269926,3.2221331299039133,1.7294139155312416,1.8621500835176795e-08,0.799348463235336,1.4486212297912904,1.8257621062923197,2.0047311416658706,2.1541182851336784,2.1184466355151015,1.8955067578106444,1.3711968822488012,0.8140252042664349,1.8010194429450247e-08,7.857492898493149
P29,20.199384406681173,11.794071314637998,7.997051924166273,6.538620570960683,3.4190928807190666,1.8574447345095249,1.0076547520565737,0.3503048119487457,7.791873576076073e-08,0.34787826803580624,0.5237872004977032,0.5711886241157335,0.8431548126291359,1.3827160888680585,1.5625326535391728,1.3937950998672743,0.9874523274078526,0.5089924458143025,1.1183801866646165e-07,3.2255327950637804
P30,69.18453782900883,64.12526652866048,58.37518966466757,45.45008845130179,29.681586698274334,12.073621138744041,6.040295085690928,2.4368901793511117,2.2680297884792668e-08,0.7841396066737886,1.8562872709256681,1.5489186958794943,0.7213678486910439,0.5172878441134082,0.6411701905239556,1.0149281230861362,1.1882839907515812,0.7595030185818353,3.049739037674926e-08,15.599966432531774
P31,65.1978353049468,30.567344326443987,19.412686858543044,11.452767368440462,6.293023994208729,2.270244404610295,0.5650088449254203,0.13370177176081527,6.228724088125562e-08,0.2620431333656396,0.3333525753853924,0.5379399930508854,0.6266775546033051,0.6689984600124862,0.4821579029794317,0.5863597828074594,0.7404269058160898,0.41556482144166573,8.899951004284705e-08,7.397164955506774
P32,88.491202359141,84.24473505988675,58.10184475343207,45.111994462678126,27.80324483336437,20.66985460305726,11.993111875546315,5.635135316811343,3.087419170502691e-08,4.217938125368601,5.161657476781973,5.63291565272745,5.318755264884997,5.170072377732544,4.774219254785881,4.30052692495059,3.207213292976628,1.7952910836714209,4.296430579005285e-08,20.08577435745452
P33,55.96695414839742,30.527966315088925,16.834656967688332,5.631511691707533,0.11654947890186175,2.759918365314388,1.4420577936382961,0.8428569322717302,7.589631699840013e-08,0.31466430601081535,0.6269598384888067,0.588675990958471,0.23600800839846334,0.2560872443346616,0.39226352987631896,0.0033060671795023945,0.3985247822809464,0.23468658144646334,1.0664440038965316e-07,6.167034117080193
P34,52.97431381397596,35.374690421454,27.425498638742226,18.868932539179546,12.697166945885755,9.375545089392649,6.025287346152588,1.747646184143244,4.859072093450849e-08,0.9089225137069401,1.8355163492376307,0.8240118676749891,0.013035086114087395,0.20807322945294648,0.31393573675738506,0.5122890825866604,0.3191960172519879,0.17020260749626787,5.984602686395977e-08,8.926013872507454
P35,74.29210421110339,50.03930484812474,30.027888455042234,23.584320988121743,14.408135795961007,8.431223600197535,5.651438120141245,2.266694492255073,4.802391069791573e-08,1.3744612393137698,1.3759548124109857,1.5292814069496372,2.1272182274235094,2.4536530340046254,2.028072808640864,1.4587620170608775,0.9241325360986544,0.2978805136540199,6.94707454538816e-08,11.698448801263083

Method: true_2point_0912
Sensor,1.0N,1.5N,2.0N,2.5N,3.0N,3.5N,4.0N,4.5N,5.0N,5.5N,6.0N,6.5N,7.0N,7.5N,8.0N,8.5N,9.0N,9.5N,10.0N,Avg Err
P1,51.378141901260555,56.383266187890456,53.811241159596534,50.09047479757113,46.64269797213789,43.01736692938219,38.36005700397912,33.96280910168344,30.507639618381024,27.994124445557656,25.573144235539495,23.66150130366359,21.91326512761716,19.67034820274272,17.72572545101131,15.85303328938388,13.53364892912499,11.229774020099294,9.166450876265094,31.07761634488882
P2,99.3740813046382,99.6212775665484,99.62708435896563,97.14869030604068,34.05632807130833,3.4607271585001524,17.553989244386056,18.416849107702493,14.392505213486928,11.111785664084316,9.543849019542144,7.937253773460986,4.367964633216699,1.266003453133943,0.568809594258044,2.294640065423087,4.500462124215393,7.131291097527529,10.020986569977984,28.54708306981142
P3,98.75378281300002,98.94250686187496,33.85556307570259,0.9428161970538115,33.68857987460296,36.66237116379524,44.103525605658,42.97663419984583,34.99075021540818,30.351857318665672,29.18814540680703,27.348116402372582,26.433455936316257,24.02805115649084,19.86965514970126,15.049682246225561,9.89642336958158,5.048635980065201,0.2996999384752365,32.23317120587594
P4,33.8726427920338,18.16349856891942,0.7072367834357567,18.84001280241116,27.422912371831178,33.88742740039155,40.15188419547027,42.208051375274174,42.954290489809544,42.21083304192194,41.359387109752106,40.81822554761341,39.80373330176147,39.272824860995165,39.05320972924058,38.926425505174805,38.9263231734025,38.9210807034112,38.78913261114443,34.54153328231549
P5,80.99509799490409,49.48727394789224,17.337793138177915,2.687198369303952,15.268642024907841,22.506852193004327,26.070080093421513,27.31627887268982,27.441973287119765,27.324250186840374,27.78505326715084,27.881890052396937,27.472057141446776,26.87318211623893,25.946689178675996,24.771256808539654,23.65895707564012,22.677904386297758,22.159487289321053,27.666416706524736
P6,57.81702628197383,58.23935224013446,36.57379540405949,12.782620424243927,2.356815378061299,4.8235184901292705,10.232375855591325,13.118636586486259,15.978378898374197,19.566242338682486,21.16150706839321,21.245494644166293,20.43028613270072,19.70970908798877,19.289475612991513,19.35518783085741,18.91743700863978,18.098751514857028,16.975001882565746,21.403769088468263
P7,97.71232268004056,28.249957021710678,15.47504310334003,33.10731063249164,43.135026212415234,53.74893091893249,58.56895155514729,60.74231481146718,61.54657622890847,60.001205398677634,57.596465047842514,55.45908662299705,54.316238887838004,52.96190079718662,51.54328173649898,50.20959748662979,48.874345204446804,47.40555748033844,45.69272614336526,51.386675682646036
P8,47.47217095091881,48.97557030908224,49.88646823717545,50.521171470742324,50.820734518733495,50.789977236184356,50.10574679517136,49.40310564944443,48.99416077013481,49.92781187355383,50.57832185738236,50.65814766217264,50.72267182851053,50.692178417551624,49.79107677248433,49.133831225286144,48.98677119187397,48.67765825656083,48.42290566518891,49.71370950990276
P9,7.549602833467082,1.706908492838416,3.3506281314860065,5.730619231614358,7.015211442146875,7.8337715352014605,8.250933010511405,8.18997207106846,9.2150068495042,9.564547847077973,9.513502028197825,9.54931536197735,9.904068777862138,10.205906462063043,10.209989382895623,9.91575238691062,9.817289610794926,9.690873811174313,9.252829936782364,8.235091010714443
P10,28.54898148155419,7.012896714028897,2.6057984651221457,0.6638831766374151,5.203858142519576,11.267280751582305,14.786723210135442,17.40365639806975,19.419700968984852,20.555085162996967,20.23540760977331,19.229019003605632,18.693308424292724,17.29700632573125,16.4699000892654,16.365758709715276,15.88457810928646,14.972530449410375,13.910549741043168,14.764522259671322
P11,32.08268603915736,47.52964038055701,54.16255146018237,55.22716931755394,56.61133530057355,56.3398033106024,54.45930676901022,52.71753689564618,51.66636607027821,50.88114984465824,50.50259163365777,49.94783122119661,49.47933737404209,48.87409132946718,47.772733084157814,46.802971287403565,46.23981534776916,45.759374335834266,44.88063063023485,49.57562745431488
P12,73.22251336730663,46.38703538403066,30.717627943665917,23.155205842522435,20.693707014421324,19.346033706874803,18.37795857557583,17.856389835057133,17.843119120337683,18.699668328920318,19.497142147976078,19.60526711794918,19.59925904210393,20.095564978058924,20.60531827657738,21.178201505810783,22.17129718341296,23.07637181130761,23.808571066692124,25.04927643413693
P13,68.50469982340944,61.90038726747993,37.08360972485356,19.873655852896952,7.1314210400970675,5.757180185955593,11.211647222640067,13.167371534614144,14.64370921358427,15.475770731470407,15.809211181484008,15.231338296490383,14.175663377053546,12.671532282494173,11.216103292196031,9.925934892391517,8.800180566105736,7.838099488080683,6.94175486969935,18.808382675947204
P14,46.16426193757809,25.131120347042092,15.006055973348019,8.899599706781109,1.674591170963924,4.425789130604196,8.725299875596324,13.267535131897192,19.392870099769898,21.447283643857954,21.708613986494722,20.664250747441663,18.289157481006658,16.38907361625821,14.625321574789142,12.592325895832793,10.37885703221564,8.343975620691012,6.532572850903443,15.455713464372213
P15,87.8308831204365,79.96522315184754,66.81957387408578,38.25265619135475,18.92331955824817,8.587204477513335,4.287600644444507,3.8095723792687433,4.875128179168377,5.010896759298933,3.6619171000844046,2.3152506589655073,1.859970375391731,1.4977214473459277,1.3054073904599186,1.0964175995319017,1.6080469883558817,1.9504165464101888,2.5015244036101087,17.692564781359064
P16,20.4976806460876,16.250831562080382,14.439494099471604,6.8034047963843225,4.084459596893277,2.092734144323815,0.8962838381005985,3.317450037025226,4.938958076196657,6.529186997711379,8.0051617140382,11.585107479197486,13.597595798389639,13.457311319011074,12.866689004631743,11.99493337226582,11.856924022504405,12.404299475484155,12.863880477872312,9.920125603035247
P17,98.86404183268151,97.96915341722729,86.48933072825567,61.932979061177896,30.546783713667157,13.620698224063492,1.5421013547173508,2.751537640563352,10.307446426908971,19.752574604137944,25.490752984583,28.848524245785494,27.64116981159725,25.522655115078585,23.939097256795804,22.193127996635464,20.608728942145348,19.159711905882073,16.974807159572777,33.37659065376192
P18,99.71346627221389,99.72273908869589,38.04563999831702,5.582653991729054,25.563657379095314,35.69271582559139,39.96261566336796,44.29294042629571,46.451698054545965,50.02613276675785,50.29621599270018,48.52137789550519,45.53476711834747,42.218720799233544,38.83134864441866,35.64607557770478,32.6303059861619,29.468004084562946,26.664283224404723,43.9402820415605
P19,99.44422541126048,96.97146219571668,99.08601143367264,53.67604559709245,11.066064937621768,6.8865795985808775,1.118515763964719,7.080708331146158,12.636369382060707,14.148269152481845,13.213573795536632,10.124167310574082,7.917806459988901,7.148588520202774,6.238927661924245,5.5026312756788425,4.006842073977039,2.206412042909636,0.1588712073592951,24.13853011324999
P20,99.83225416909016,99.57283522060003,88.31463732312524,55.3973461970634,27.296877887288133,17.25717134922699,15.094115341841762,13.58604951651818,11.376154390923237,9.633103486731445,7.848696161670252,7.947266261865574,8.394229445569067,8.762206669552954,8.719514615183243,8.569693547626828,8.693042531484874,9.480424532447403,10.527827127817023,27.173865567138197
P21,53.236094802845564,34.58215957083571,19.303635501192506,7.134180020747229,1.2360630397971046,6.917167821469883,11.276438355891665,15.736067019760268,20.135481000717025,23.31938117318585,24.752198044809454,25.606544369981066,26.530560798811837,27.30567478923402,27.231825701349035,27.107635778599878,26.838385705428667,26.518484802774804,25.99925766443831,22.671959787466836
P22,96.47420102143143,43.76207618064791,26.44150290576285,14.828091444417755,3.6901838547422505,7.797216917008468,10.459801696204504,13.154184547387215,15.3062562581467,15.128054162356708,14.868999987675362,15.636737152818482,18.74450158818066,21.023466596089385,22.023142134957446,22.425527403341864,21.696960820830895,21.711185620073945,21.716749017933665,22.46783364789513
P23,98.60447490938553,77.14175583586075,37.256964764537145,29.15605107975111,18.258056400534187,18.918920334725197,41.0161742091584,51.82737276135104,58.354766048462736,61.674962195751185,62.51673303665056,62.813971723675905,61.958342072254815,60.41409153667391,58.82338324840948,57.706802345080455,55.98870796182915,53.87155009598917,51.66707548300475,53.577376633846605
P24,97.65265951221082,95.95082083356421,96.56023284285794,92.67928072685169,46.554330267660795,18.651960162341055,16.093653473733312,28.093648382993926,30.214565093087625,32.22039839477841,30.909562505544077,29.396335866031496,27.741468390480907,25.69040776047217,23.698863963528115,20.86662429303081,17.13106081798406,13.798586926976151,10.476793727258292,39.704276523230824
P25,39.87739206776961,32.767098395930084,17.872612888438706,10.13693256568948,1.1017664723149894,9.03376180298134,18.058766109582603,21.00465701367926,22.172073838390784,24.74476930228121,25.273586445851574,24.485387014825147,23.525090728165175,21.36633145963559,18.60578099474275,16.053819014635653,13.314081376577613,10.664424698583282,8.413836307204246,18.8669562366989
P26,32.620829219450506,20.240170992980392,21.62781065260557,19.20351009659895,12.514268809018752,10.624186919659854,2.4936588433947247,3.4924469942473544,5.459098780020099,6.5572829110822966,7.228644858319075,7.736072915240543,10.828914335502846,13.285220658016375,14.154952337196937,14.511640316218383,13.81155344235741,13.686116057062192,13.846914811787418,12.838068102671564
P27,58.30022679287446,47.722536288271364,36.276904171961455,23.19723258177838,14.669563521368328,7.326312920091711,2.027442068294979,0.9562500582198992,2.3948192652244904,3.553995005942145,4.687977502877572,6.35444838586711,8.070811651849736,10.167981308223494,10.484382264391021,10.22915892858928,10.321503980071046,10.733753705358508,11.88839242103652,14.703352253804816
P28,42.25480562569141,23.48632331367061,11.574336360172191,0.43220376073859007,9.317242592342339,12.898462876290852,15.807339638046459,18.34644358026413,21.118635386479234,22.718912204550982,24.093044512508193,25.095732528403786,25.819808995385777,26.475993561641033,26.874725632612815,27.014278415580506,26.752669913355618,26.425822101652646,25.754010881475445,21.69793641478224
P29,6.156024587764406,4.758176566634339,10.036229257468701,12.389851833304453,16.658190012928365,18.990501962817188,20.41188890982254,21.559785911628545,22.300635180655178,23.011391126256996,23.488522984535898,23.7879081067269,24.346956347115647,25.222575650801268,25.642068693735986,25.618721744634488,25.289641996127667,24.86040129971159,24.383425476974693,19.942784086823412
P30,60.69988623023592,54.90111382328233,48.203980970711285,32.655885262578316,13.748791749417107,7.260529734366315,14.07874911680309,17.959730318165533,20.454932855332476,20.989618172396128,21.89979044443891,21.187271487208147,19.884036468078325,19.3486092676239,19.222376980814094,19.408011555525196,19.370595144403467,18.63695722401734,17.528605196877436,24.602077473803966
P31,53.86944394206423,8.938686264388139,4.897305987487137,14.586728701678892,20.686108780112576,25.35990678720374,27.101923944641715,27.60078217462012,27.07922417224545,27.094548109608944,26.895409780117465,26.88785593882658,26.753572363877314,26.57793498068589,26.12961350788368,26.060080006605023,26.064288951515376,25.4799378639615,24.792872457095196,24.887169721822048
P32,68.99076724607679,62.262330498324204,7.683370736963161,13.353174836388833,41.41354689298873,48.586659732477806,58.57169639305364,64.3130120800595,68.88077313710029,71.201739640951,68.44368316711838,65.31285754778227,61.31370179138725,57.89220164929978,54.37871119918534,51.00013110285477,46.9588204541007,42.691382085502184,38.10333894821723,52.17641574420167
P33,0.11071812252502938,95.2417584970936,172.08563926862294,247.3635386047351,305.7809411368349,351.82998501166173,378.63489869430083,406.3530702570961,430.86037086015494,460.0295754730312,488.1975312554167,513.368514930249,535.6208489482527,555.9779501070861,577.80139042097,602.5927043765757,621.268808176942,643.3873229574556,665.6025651702474,423.7951648562764
P34,2.2336958423670374,29.58971612169766,41.84775241523356,55.45076888639841,64.58133498936616,68.5132488918556,72.67670234543628,78.65248129712724,80.13164941274756,76.98535416735847,73.97665306566076,74.52053023034132,74.83548915928364,74.10313169279704,73.28794492630958,72.6954405043431,71.48829148395873,69.83176831704455,69.34577553778983,64.46040680458508
P35,64.33654674065677,32.06782988332899,6.202284419108875,1.310949044186185,12.45788736969431,19.397027865372525,22.211756330672497,25.86070968959673,28.110381980655976,29.260405981407327,28.707190959594744,28.392530734914995,28.676140708566706,28.64767087356172,27.70497113981022,26.612152923505054,25.589413717751516,24.476778106969697,23.79261729786913,25.463960303538105

Method: 500-1kg, 1014
Sensor,1.0N,1.5N,2.0N,2.5N,3.0N,3.5N,4.0N,4.5N,5.0N,5.5N,6.0N,6.5N,7.0N,7.5N,8.0N,8.5N,9.0N,9.5N,10.0N,Avg Err
P1,51.106039091316696,42.924466277154416,38.7790765495855,36.10451561378907,34.04618938128649,32.61804408623384,32.13555832279012,31.9181501485116,31.53435260264725,30.8963315404611,30.402126873078796,29.788253174440136,29.217557188728723,29.060031735577304,28.842173814368078,28.682959440369057,28.896423455882207,29.194943522472233,29.425838989212938,32.924896410942395
P2,99.92202117620145,99.93342938209399,99.9163152966343,99.22668363521062,79.12091759178774,65.1598005744808,52.48293815199213,47.100132588927345,44.11604856105051,41.143780482569284,37.52546907311789,34.113011038821654,32.154577984911235,30.199906201751933,27.604500109486903,25.103626790844654,23.15438726883796,21.76108083986324,20.821460309891965,51.60842563465661
P3,99.881290578,99.85034413436625,87.60370087731282,76.47708453932543,62.7764521000014,55.76814473195024,46.865010471276484,40.855651067398554,38.109069614741095,34.40760191130007,29.22931681987931,24.56674577240941,19.488951439478946,15.517325996530229,13.039401819099373,11.446720214916448,10.558512341788832,9.869583347764593,9.524726691787933,41.35977023522775
P4,73.19789057847134,64.02920774385363,53.77189573130933,42.146256366980765,35.66442994401979,30.28413861805666,25.04715779097337,22.134881134731437,20.059538882009726,18.94497567569378,18.016027559001717,17.012061117625787,16.379791205622546,15.540019236590066,14.577778606993745,13.614663954530148,12.621620711379798,11.67504995343983,10.849128280891088,27.135079636430245
P5,91.2092327472732,74.33434281674454,55.104806065268036,41.27030333845544,31.230721469134153,24.255434993178575,19.603601480241643,16.563195455209694,14.417365905160453,12.587680414838578,10.48515605111586,8.740839218393653,7.4582306505439435,6.409141842892295,5.693195320461066,5.252064024773399,4.845131160779801,4.410314505603716,3.676540432082612,23.028805152218457
P6,79.56935781804451,77.58352200524146,63.377133413099195,46.70797232184813,37.51426638631699,30.245081122465542,24.11925885270515,19.771545462442205,15.515890655057058,10.771533613566286,7.563734850975816,5.60288462403337,4.458818304283185,3.3542639122155045,2.1043687706044616,0.5329382202250191,0.5491932074557595,1.2355329007530942,1.5850601762248515,22.745387190397764
P7,99.28468195433521,74.9331557987055,56.35394712283625,46.522596819871715,39.55284784187144,32.27381959443005,27.55182951006241,24.153905537674245,21.545368630368337,20.24317971140386,19.549486306974817,18.883670539904156,17.830899078580188,17.000174128280772,16.305217952880614,15.654453895613228,15.086782865549603,14.671721295916655,14.471447021006565,31.151009768750825
P8,25.41053324868115,21.13977537275824,18.052381409304964,15.617039715063024,13.70006137435837,12.210976880090309,11.288951428958951,10.528527490670639,9.71140438767618,8.16793237242509,6.863830935379373,5.973034715091939,5.146620876165611,4.428173712522538,4.308619930732242,4.077638669031543,3.5551259637380745,3.1690607348107287,2.7765425720074473,9.796117462603496
P9,22.206913046309218,16.69124185317796,11.95485402231326,9.568729737368805,8.172395903000522,7.215683244934955,6.635017775986185,6.4916939100307545,5.428506809393334,4.964687175311807,4.861679687146222,4.694833018245676,4.259955941388795,3.879008544904425,3.7649215955869177,3.918187245231026,3.90650814404418,3.9246777764378136,4.220912032845899,7.197916182297776
P10,59.07843789292826,42.70016429558388,36.78547074501491,32.87495854674037,26.5313005939872,20.10438034714804,15.56636398341168,11.785660754469562,8.547960702215766,6.076364535042572,4.842485097499725,4.26566665364385,3.4123149761691867,3.3523672454598428,2.909315389751592,1.9287300529706668,1.3213422127092178,1.1377846363059532,1.1398216482282222,14.96636264785687
P11,18.605592722415366,4.975749128914563,2.461636336358948,5.711012948312933,8.795789562751104,10.448654280387805,10.721052221132817,10.887937251095588,11.397514971060675,11.978838801367292,12.762994278408915,13.332470760642394,13.895287878006732,14.29095017980435,14.246828781704627,14.250056850648589,14.523536071069838,14.82242836289605,14.770500209924052,11.730464820889614
P12,87.82694223530265,71.77623172929196,59.52613765885714,51.333354177416666,46.349366422566135,42.307897246395626,38.72527306874329,35.64885273686283,33.137449902183064,31.512947794981812,30.01571448589304,28.05595623890247,26.095187381020796,24.69476263154038,23.40730091397313,22.27353215986249,21.64903852670785,21.03029963621599,20.31673106511285,37.667525053254224
P13,83.16538485765636,77.75103424945837,60.87801535861869,47.69021096936063,36.91040980300296,25.696397410158113,19.553529636355726,16.007219019038953,12.932212352541837,10.456908988669808,8.476704443038885,7.328548860653956,6.680330532880577,6.51255154760005,6.4111663177921185,6.264779443358804,6.060122806686188,5.785589671544822,5.516879805159345,23.688315582819797
P14,71.9310377357075,57.142891739272216,48.01339734379783,41.33909821880838,33.970948324528834,27.339315770241488,21.984330834011704,16.48959434688502,9.810784063395984,6.222297789956547,4.117712854322877,3.1713724406917065,3.4428529850850627,3.471785060251383,3.5106101648158505,3.8889909839061434,4.529586085925876,5.115126977876414,5.5925202760489015,19.530750210291036
P15,94.54665970965632,89.17126089449405,79.51564215697526,57.73793255858055,39.629301849009586,26.906255191997978,18.59605417962352,13.612294431498567,10.305998100921114,6.400201697809547,1.1753926436894941,3.9826787856994144,8.10760977951758,12.022545829259457,15.639836845023867,19.17782054465223,21.73529808623969,24.381479927015228,26.649651999718987,29.96283764270434
P16,37.41439071862311,31.01297106611572,27.21663053386214,18.717643097191253,14.623166469369682,11.334914930696899,7.253375673374343,3.768557326642199,1.0998120024104947,1.4747331869597513,3.8866410668566447,8.295115528668656,11.165744244810524,11.888411743326023,12.112194447878993,12.003038412750639,12.582352071438324,13.819390376613505,14.942191954152955,13.400593413249572
P17,99.46281965138189,98.93109717477101,92.3275757518453,77.07035840094048,56.10132233222227,43.13454595910052,32.856453526464925,27.71457545112569,20.20950222879599,11.169429068717804,4.749169850374525,0.11122270922415325,0.9084570380796254,1.058254009609353,1.4985903194377692,1.6837566236961836,1.8917719456256878,2.1153099830832196,1.6100462966759062,30.242329385324858
P18,99.92270822811074,99.90940882217036,76.80850878007969,56.08028508397511,43.06746741803936,33.82417508039284,27.2943542290224,20.753265364028934,15.460312962341485,9.4059256156181,5.432070853973839,2.9451756888258585,1.5062051682119293,0.5596283913514116,0.07899025504962862,0.6256052981444612,1.0830529943377467,1.2273186960288804,1.4657991773705543,26.181592531951225
P19,99.58618646146691,97.65982955947065,99.27492254427803,62.49282096583357,26.781702010330463,22.252119115470844,16.42117794377752,8.510377316424348,2.8316004699803945,0.665008744424481,0.6910819900003623,2.6911462660320664,3.992089081146194,4.072894238634143,4.324095239554961,4.458795980864186,5.319587482472972,6.497251262316391,7.939472812056198,25.076955762343932
P20,99.74262711115703,99.37459870038936,83.45112020033015,38.44136989320692,1.7501836941612616,9.843207313333137,10.988898232650046,11.433257357118482,12.900062376881628,13.859676427981302,14.946436890025122,13.766365615431548,12.248621790654976,10.909984312582592,10.137454051688762,9.548113429932089,8.680137928767357,7.071904438298889,5.207552760520003,24.963240659216346
P21,68.83326282888959,55.58681196902028,44.490059160898156,35.4650808350784,29.06064740468811,24.55086725763896,20.994697652249815,17.38557752360834,13.831924786826841,11.162727381541231,9.773022916490518,8.822707874601294,7.8408486752982975,6.983918111779221,6.763704499203126,6.596682686877054,6.551123342446048,6.5565592650121225,6.721980895637248,20.41958974040972
P22,96.55736829351592,48.58499450573006,35.81685293182972,28.32626970397415,21.3160225831188,14.106445783554948,13.871365172837317,13.44065503572716,13.289509166502084,14.752118038094022,16.13635481434791,16.6652271474907,15.448429612748843,14.785018840049087,14.976172392123836,15.530811510642419,16.808641085078992,17.525639369813486,18.205470094453144,23.481229793770133
P23,99.31928669677788,88.46581650376645,67.56964710721182,62.69315856436923,56.293250375638664,35.590518406674015,22.76491304867078,16.020936488791968,11.635785653635804,9.061543657126231,7.920872560054569,7.133273191154499,7.047359789676376,7.401234343902923,7.823605555997313,8.006694106076958,8.573167752743739,9.40560071555085,10.319885209602793,28.581397354074888
P24,98.96460070545658,98.03294463251825,98.2105490454403,95.9838165133449,69.37887845019652,51.65049008429999,28.770776167230437,19.173461330636062,15.748365178881617,12.487398279858272,11.541632462246968,10.882189704092463,10.456128634258683,10.434919060892263,10.48940921644066,11.267523422594538,12.831927834066251,14.214909406007584,15.695877431814058,36.64293671369876
P25,85.33800323984408,80.07399857244225,72.04819559593359,65.95075423406425,59.093401231098596,51.430815375114484,43.92276177309872,39.173907877287725,35.3952072893306,30.940879336094497,27.684585199551513,25.319540568876103,23.207018002701357,22.003698404262476,21.37498006018358,20.79072470178318,20.505286793090097,20.319041721351233,19.990042803527118,40.24014961998082
P26,17.07689814536331,8.842998611172934,15.011293134978915,15.879550847523374,11.89665299295995,12.490624928844127,6.828847514237286,3.212387687286224,3.251885526699288,3.9304655459889486,4.848560263001938,5.784980761045282,4.382580092959725,3.486592691359336,3.88465493066322,4.645439341929141,6.212094564703263,7.2355385174498466,7.970071382080864,7.730111446328788
P27,41.80304381555684,35.16640977009613,27.32283633540774,17.916476018619452,13.518332460341323,10.199161291153429,8.685430567793212,9.077308472118759,10.568269755194986,12.03170067514434,13.293546481435607,13.94286020071471,14.421062661032447,14.495686245589749,15.846720401924058,17.51040407648856,18.804161337458194,19.773934644419576,20.13928229056903,17.606138289529376
P28,40.7707574106166,25.170686446301342,16.394874660539116,7.499871507708251,1.4502331274650684,0.048368982720600376,0.9310757979325974,1.726593715096624,2.828749794427034,3.0272641128368702,3.121356045954633,2.9816227454841666,2.6798252417270034,2.3821026732784594,1.9290969021508648,1.317021954016344,0.4316620695300747,0.4615892517004985,1.585367496818736,6.1441115755949935
P29,44.62554977902179,36.01572516949008,31.1266629080599,28.30516405110828,24.418944595810657,21.890111553425147,20.053916597461985,18.478917849129864,17.24354368801117,16.084864980608724,15.133418135022449,14.346327894036529,13.415276028804888,12.29222440048929,11.513850344219522,11.07277869361661,10.873351817448869,10.769163659366397,10.721253847904427,19.388476104896665
P30,41.0162996831986,38.711920881665954,34.39955830228481,19.243967913835263,1.0883249615794743,18.44747223636733,21.92346801682859,22.486472380211268,21.891125876675844,19.60732266597008,17.966176419102577,14.999954222620339,11.717032621863863,9.35454766096363,7.525756869965731,6.105953692729807,4.5981227781180705,2.5877666135308255,0.3606015598346499,16.527991860912987
P31,55.342180444274035,13.507380239049946,1.7016344037417217,6.259666703900251,10.962328623433706,14.428770258857206,15.29413733219902,15.108641644746104,14.072726093471836,13.577340081109257,12.937280861172143,12.507155061730202,11.997909296469821,11.481187690447722,10.750399598918856,10.374878827355182,10.082886400709354,9.294949555226639,8.435174894582564,13.585085684810295
P32,70.1635387894668,64.0420733542925,12.643847139597751,6.688009121996273,32.515857271469024,38.722186892606125,47.56946501778645,52.47971324022861,56.32174728450747,58.107133404622644,55.23470977617907,52.056282187635425,48.11349638626009,44.73152801053062,41.291329377369685,37.99773394742249,34.11984316205441,30.055934118809997,25.718919768566032,42.556492013231654
P33,42.21500281399099,8.607917014802362,9.59597019031986,24.52706959712154,32.25748807849204,35.87575647443321,34.24128052948945,33.54318571260416,32.51120518667681,33.00461525215642,33.48872412414486,33.5023803824923,33.093798485441354,32.49552146037282,32.36615095519833,32.93162961662033,32.45190091856613,32.71305161610853,33.06640915133872,30.65731881896685
P34,42.978799597551514,23.77767700408809,16.06673962129822,7.589521204662179,1.7897764387136852,0.8795979848875047,3.6596786027876416,7.5101964633447285,8.638271880733416,6.952647562728101,5.3250241939605,5.830421058550095,6.185046363349935,5.89218021285632,5.538019493795157,5.309940928956632,4.698281550861889,3.803657600713312,3.6171558070169185,8.739085977413465
P35,72.5470836179854,46.206163679297404,24.217215863443958,16.862029506443843,6.532602501839021,0.3083120966834037,3.6345298888963624,7.609927969182987,10.341926475141355,12.075617612779139,12.275821853464173,12.628872396531024,13.463097235223135,13.985628572258577,13.661269002585387,13.166521075874234,12.70116321971077,12.125085364936778,11.908785412724876,16.644823860263255

